{
	"name":"sun",
	"cells": [
		{
			"x":0,
			"y":0,
			"w":100,
			"h":100
		},
        {
            "x":100,
            "y":0,
            "w":100,
            "h":100
        },
        {
            "x":200,
            "y":0,
            "w":100,
            "h":100
        },
        {
            "x":300,
            "y":0,
            "w":100,
            "h":100
        },
        {
            "x":400,
            "y":0,
            "w":100,
            "h":100
        },
        {
            "x":500,
            "y":0,
            "w":100,
            "h":100
        },
        {
            "x":600,
            "y":0,
            "w":100,
            "h":100
        },
        {
            "x":700,
            "y":0,
            "w":100,
            "h":100
        },
        {
            "x":800,
            "y":0,
            "w":100,
            "h":100
        },
        {
            "x":900,
            "y":0,
            "w":100,
            "h":100
        },
        {
            "x":1000,
            "y":0,
            "w":100,
            "h":100
        },
        {
            "x":1100,
            "y":0,
            "w":100,
            "h":100
        },
        {
            "x":1200,
            "y":0,
            "w":100,
            "h":100
        },
        {
            "x":1300,
            "y":0,
            "w":100,
            "h":100
        },
        {
            "x":1400,
            "y":0,
            "w":100,
            "h":100
        },
        {
            "x":1500,
            "y":0,
            "w":100,
            "h":100
        },
        {
            "x":1600,
            "y":0,
            "w":100,
            "h":100
        },
        {
            "x":1700,
            "y":0,
            "w":100,
            "h":100
        },
        {
            "x":1800,
            "y":0,
            "w":100,
            "h":100
        },
        {
            "x":1900,
            "y":0,
            "w":100,
            "h":100
        },
        {
            "x":2000,
            "y":0,
            "w":100,
            "h":100
        },
        {
            "x":2100,
            "y":0,
            "w":100,
            "h":100
        },
        {
            "x":2200,
            "y":0,
            "w":100,
            "h":100
        },
        {
            "x":2300,
            "y":0,
            "w":100,
            "h":100
        },
        {
            "x":2400,
            "y":0,
            "w":100,
            "h":100
        }
	],
	"sequences" : [
		{
			"name":"sparkle",
			"cells":[
			0,0,0,0,0,0,0,0,0,0,1,2,3,4,5,6,7,8,9,10,11,12,13,14,15,16,17,18,19,20,21,22,23,24,24,24,24,24,24,24,24,24,24,23,22,21,20,19,18,17,16,15,14,13,12,11,10,9,8,7,6,5,4,3,2,1
			],
			"loop":true,
			"speed":0.05
		}
	]
}
