{
	"name":"chicken",
	"cells": [
		{
			"x":25,
			"y":0,
			"w":100,
			"h":163
		},
		{
            "x":125,
            "y":0,
            "w":100,
            "h":163
		},
        {
            "x":225,
            "y":0,
            "w":100,
            "h":163
        },
        {
            "x":325,
            "y":0,
            "w":100,
            "h":163
        },
        {
            "x":425,
            "y":0,
            "w":100,
            "h":163
        },
        {
            "x":525,
            "y":0,
            "w":100,
            "h":163
        },
        {
            "x":625,
            "y":0,
            "w":100,
            "h":163
        },
        {
            "x":725,
            "y":0,
            "w":100,
            "h":163
        },
        {
            "x":825,
            "y":0,
            "w":100,
            "h":163
        },
        {
            "x":925,
            "y":0,
            "w":100,
            "h":163
        },
        {
            "x":1025,
            "y":0,
            "w":100,
            "h":163
        },
        {
            "x":1125,
            "y":0,
            "w":100,
            "h":163
        },
        {
            "x":1225,
            "y":0,
            "w":100,
            "h":163
        },
        {
            "x":1325,
            "y":0,
            "w":100,
            "h":163
        }
	],
	"sequences" : [
		{
			"name":"walk",
			"cells":[
			0,1,2,3
			],
			"loop":true,
			"speed":0.1
		},
        {
            "name":"revert",
            "cells":[
                0,1,2,3
            ],
            "loop":true,
            "speed":0.1
        },
        {
            "name":"run",
            "cells":[
                0,1,2,3
            ],
            "loop":true,
            "speed":0.05
        },
        {
            "name":"pick",
            "cells":[
                4,5
            ],
            "loop":true,
            "speed":0.1
        },
        {
            "name":"sleep",
            "cells":[
                6,7
            ],
            "loop":false,
            "speed":0.1
        },
        {
            "name":"jump",
            "cells":[
                8,8,8,9,10,11,12,13,12,11,10,9,8
            ],
            "loop":false,
            "speed":0.1
        }
	]
}
