{
	"name":"hen",
	"cells": [
		{
			"x":0,
			"y":0,
			"w":250,
			"h":300
		},
        {
            "x":250,
            "y":0,
            "w":250,
            "h":300
        },
        {
            "x":500,
            "y":0,
            "w":250,
            "h":300
        },
        {
            "x":750,
            "y":0,
            "w":250,
            "h":300
        },
        {
            "x":1000,
            "y":0,
            "w":250,
            "h":300
        },
        {
            "x":1250,
            "y":0,
            "w":250,
            "h":300
        },
        {
            "x":1500,
            "y":0,
            "w":250,
            "h":300
        },
        {
            "x":1750,
            "y":0,
            "w":250,
            "h":300
        },
        {
            "x":2000,
            "y":0,
            "w":250,
            "h":300
        }
	],
	"sequences" : [
		{
			"name":"cluck",
			"cells":[
                0,1,2,1, 0,1,2,1, 0,1,2,1, 0,1,2,1, 0,1,2,1, 0,1,1,1,2,2,2,2,1,1,1,0 ,0,0,0,0,0,0,0,0,0,0, 0,1,2,1, 0,1,2,1, 0,1,2,1, 0,1,2,1, 0,1,1,1,2,2,2,2,1,1,1,0
			],
			"loop":false,
			"speed":0.05
		},
        {
            "name":"egg",
            "cells":[
                0,0,3,3,3,3,3,3,4,4,4,4,4,4,4,4,5,6,7,8
            ],
            "loop":false,
            "speed":0.06
        },
        {
            "name":"stand",
            "cells":[
                0
            ],
            "loop":false,
            "speed":0.1
        }
	]
}
