{
	"name":"rooster",
	"cells": [
		{
			"x":0,
			"y":0,
			"w":250,
			"h":250
		},
        {
            "x":250,
            "y":0,
            "w":250,
            "h":250
        },
        {
            "x":500,
            "y":0,
            "w":250,
            "h":250
        },
        {
            "x":750,
            "y":0,
            "w":250,
            "h":250
        },
        {
            "x":1000,
            "y":0,
            "w":250,
            "h":250
        }
	],
	"sequences" : [
		{
			"name":"scream",
			"cells":[
                0,0,0,1,2,1,2,1,0,1,2,2,2,2,2,2,2,2,2,2,1,0
			],
			"loop":false,
			"speed":0.15
		},
        {
            "name":"stand",
            "cells":[
                0
            ],
            "loop":false,
            "speed":0.1
        }
	]
}
