{
    "frames": {

        "0": {
            "frame": {"x":0,"y":0,"w":170,"h":175},
            "rotated": false,
            "trimmed": false,
            "spriteSourceSize": {"x":0,"y":0,"w":875,"h":175},
            "sourceSize": {"w":875,"h":175}
        },
        "1": {
            "frame": {"x":175,"y":0,"w":170,"h":175},
            "rotated": false,
            "trimmed": false,
            "spriteSourceSize": {"x":0,"y":0,"w":875,"h":175},
            "sourceSize": {"w":875,"h":175}
        },
        "2": {
            "frame": {"x":350,"y":0,"w":170,"h":175},
            "rotated": false,
            "trimmed": false,
            "spriteSourceSize": {"x":0,"y":0,"w":875,"h":175},
            "sourceSize": {"w":875,"h":175}
        },
        "3": {
            "frame": {"x":525,"y":0,"w":170,"h":175},
            "rotated": false,
            "trimmed": false,
            "spriteSourceSize": {"x":0,"y":0,"w":875,"h":175},
            "sourceSize": {"w":875,"h":175}
        },
        "4": {
            "frame": {"x":700,"y":0,"w":170,"h":175},
            "rotated": false,
            "trimmed": false,
            "spriteSourceSize": {"x":0,"y":0,"w":875,"h":175},
            "sourceSize": {"w":875,"h":175}
        }
    },
    "meta": {
        "app": "manual",
        "version": "1.0",
        "image": "rooster_sprite.png",
        "format": "RGBA8888",
        "size": {"w":875,"h":175},
        "scale": "1",
        "smartupdate": ""
    }
}